{"training_loss": 6.628569602966309, "_timestamp": 1723210743.1820257, "_runtime": 23.05026865005493, "_step": 200}