{"training_loss": 6.45657205581665, "_timestamp": 1723210418.4720604, "_runtime": 25.40829038619995, "_step": 201, "_wandb": {"runtime": 25}}