{"training_loss": 5.346099853515625, "_timestamp": 1723211114.4213939, "_runtime": 334.07649779319763, "_step": 2010, "validation_accuracy": 0.269231379032135, "_wandb": {"runtime": 333}}